{
  "containerDefinitions": [
    {
      "name": "db-reset",
      "image": "xxx.dkr.ecr.us-east-1.amazonaws.com/dockerzon/dockerzon:latest",
      "command": ["./bin/rake", "db:reset"],
      "memory": 300,
      "environment": [
        {
          "name": "RAILS_ENV",
          "value": "production"
        },
        {
          "name": "DATABASE_URL",
          "value": "postgresql://dockerzon:intergalacticzebramoldfactory@xxx:5432/dockerzon?encoding=utf8&pool=40&timeout=5000"
        },
        {
          "name": "CACHE_URL",
          "value": "redis://xxx:6379"
        },
        {
          "name": "JOB_WORKER_URL",
          "value": "redis://xxx:6379"
        },
        {
          "name": "SECRET_TOKEN",
          "value": "xxx"
        }
      ]
    }
  ],
  "family": "db-reset"
}
